team_a,Algeria,Argentina,Australia,Austria,Belgium,Bosnia and Herzegovina,Brazil,Canada,Cape Verde,Colombia,Croatia,Curaçao,Czech Republic,DR Congo,Ecuador,Egypt,England,France,Germany,Ghana,Haiti,Iran,Iraq,Ivory Coast,Japan,Jordan,Mexico,Morocco,Netherlands,New Zealand,Norway,Panama,Paraguay,Portugal,Qatar,Saudi Arabia,Scotland,Senegal,South Africa,South Korea,Spain,Sweden,Switzerland,Tunisia,Turkey,United States,Uruguay,Uzbekistan
Algeria,,51.56666666666667,27.96666666666667,24.4,36.766666666666666,10.7,33.33333333333333,27.46666666666667,16.166666666666664,29.06666666666667,35.43333333333333,11.133333333333336,12.833333333333332,13.733333333333334,23.666666666666668,25.366666666666664,50.3,49.766666666666666,33.1,19.466666666666665,10.133333333333333,31.066666666666663,10.466666666666669,19.366666666666667,35.733333333333334,13.233333333333333,36.56666666666666,39.7,51.53333333333333,18.96666666666667,26.6,21.96666666666667,13.3,38.93333333333333,10.133333333333333,9.9,16.900000000000002,29.8,9.0,30.633333333333333,49.73333333333333,11.533333333333331,37.73333333333333,10.7,23.1,34.2,30.0,14.000000000000002
Argentina,10.6,,8.066666666666666,5.866666666666666,8.9,3.266666666666666,3.8666666666666663,10.366666666666667,7.166666666666667,3.0,11.933333333333334,3.3666666666666663,4.366666666666666,3.966666666666667,2.533333333333333,6.333333333333334,21.8,27.366666666666667,8.466666666666667,9.166666666666666,3.7,8.233333333333333,4.033333333333333,6.7333333333333325,10.766666666666666,4.066666666666666,9.766666666666666,13.1,13.6,8.766666666666667,6.9,6.5,8.566666666666666,11.1,4.133333333333333,4.1000000000000005,4.733333333333333,9.366666666666664,3.4000000000000004,7.8,26.93333333333333,2.7333333333333334,9.866666666666667,3.4000000000000004,6.333333333333334,8.433333333333334,3.933333333333333,7.533333333333333
Australia,21.866666666666667,60.0,,26.53333333333333,38.73333333333333,10.066666666666666,37.66666666666666,29.166666666666668,15.0,32.83333333333333,38.333333333333336,10.133333333333333,14.033333333333331,13.900000000000002,24.066666666666663,24.166666666666668,49.1,53.23333333333333,33.233333333333334,18.8,10.266666666666667,31.73333333333333,10.7,22.566666666666663,37.96666666666667,11.033333333333331,41.06666666666667,43.63333333333333,51.9,17.633333333333333,25.3,22.766666666666666,12.9,38.333333333333336,11.1,11.0,16.166666666666664,36.93333333333334,10.6,30.833333333333336,51.9,13.133333333333333,38.93333333333333,12.266666666666666,24.433333333333334,36.1,31.633333333333336,14.366666666666667
Austria,28.53333333333333,66.33333333333333,28.8,,41.56666666666667,12.9,45.766666666666666,31.366666666666664,20.200000000000003,37.53333333333334,43.06666666666666,15.1,17.266666666666666,16.266666666666666,28.366666666666667,27.53333333333333,56.56666666666666,54.766666666666666,43.16666666666666,25.133333333333336,13.966666666666669,36.6,15.3,25.03333333333333,45.1,15.0,46.766666666666666,48.46666666666667,56.56666666666666,25.666666666666664,31.366666666666664,26.266666666666666,15.366666666666667,50.5,15.233333333333333,15.066666666666666,23.666666666666668,43.333333333333336,13.3,35.266666666666666,46.96666666666667,14.033333333333331,46.46666666666667,13.066666666666665,29.166666666666668,42.86666666666667,39.83333333333333,18.76666666666667
Belgium,17.766666666666666,58.8,21.23333333333333,16.6,,6.966666666666667,29.366666666666667,17.166666666666668,12.533333333333331,19.3,24.96666666666667,7.166666666666667,9.666666666666666,10.533333333333331,10.866666666666664,14.766666666666667,51.6,46.2,24.2,15.766666666666667,6.466666666666667,14.499999999999998,8.366666666666667,14.000000000000002,21.2,8.6,21.8,34.5,32.33333333333333,15.333333333333332,17.0,14.099999999999998,9.566666666666666,35.733333333333334,9.466666666666669,9.833333333333332,9.733333333333333,23.200000000000003,8.7,13.633333333333333,44.16666666666666,7.966666666666667,18.8,9.633333333333336,10.9,20.4,17.666666666666668,14.566666666666666
Bosnia and Herzegovina,53.266666666666666,69.86666666666666,59.23333333333333,43.4,57.9,,59.13333333333334,59.833333333333336,36.36666666666667,50.03333333333333,55.03333333333333,21.5,44.3,41.13333333333333,46.73333333333333,50.0,65.73333333333333,59.2,51.96666666666667,40.766666666666666,21.333333333333336,50.76666666666667,41.1,47.06666666666667,54.53333333333333,35.63333333333333,53.1,56.56666666666666,66.96666666666667,27.0,54.56666666666666,49.16666666666666,41.36666666666667,56.266666666666666,40.06666666666667,39.83333333333333,43.93333333333334,53.06666666666666,37.23333333333333,51.76666666666667,46.23333333333333,41.766666666666666,58.9,37.8,49.4,50.5,48.3,49.266666666666666
Brazil,18.666666666666668,28.3,21.0,16.766666666666666,27.46666666666667,9.733333333333333,,20.266666666666666,18.666666666666668,19.1,26.43333333333333,10.833333333333334,12.4,13.433333333333334,7.3,17.266666666666666,56.10000000000001,52.900000000000006,23.4,21.3,11.566666666666666,15.366666666666667,12.5,17.1,18.166666666666668,11.566666666666666,21.633333333333333,32.5,33.46666666666667,22.066666666666663,20.23333333333333,15.833333333333332,4.6,31.566666666666663,12.433333333333334,10.833333333333334,13.233333333333333,21.3,11.933333333333334,18.76666666666667,49.66666666666666,8.933333333333334,20.666666666666668,10.866666666666664,15.266666666666667,21.4,18.166666666666668,19.03333333333333
Canada,27.53333333333333,57.3,28.46666666666667,26.4,45.33333333333333,11.766666666666667,42.96666666666666,,15.533333333333331,29.3,34.5,9.7,13.733333333333334,11.733333333333333,23.5,23.633333333333333,52.36666666666666,46.13333333333333,32.46666666666667,19.2,9.866666666666667,29.86666666666667,10.4,20.4,35.833333333333336,10.766666666666666,29.5,41.43333333333333,52.53333333333333,20.7,27.23333333333333,23.9,13.1,37.06666666666666,8.266666666666666,9.566666666666666,14.766666666666667,31.8,8.433333333333334,31.0,42.6,12.3,37.4,9.7,23.833333333333336,29.666666666666668,29.76666666666667,13.366666666666664
Cape Verde,43.16666666666666,56.96666666666667,51.866666666666674,43.63333333333333,58.8,24.266666666666666,51.1,48.7,,49.9,53.36666666666666,15.866666666666667,33.36666666666667,28.7,32.766666666666666,35.46666666666667,62.83333333333333,68.16666666666666,51.76666666666667,30.166666666666668,14.733333333333334,33.93333333333333,27.133333333333333,37.43333333333334,40.93333333333333,25.8,47.03333333333333,47.0,62.96666666666667,19.6,43.4,35.16666666666667,30.666666666666664,52.43333333333333,30.866666666666664,26.866666666666667,32.13333333333333,48.266666666666666,26.866666666666667,36.6,71.83333333333334,29.03333333333333,47.7,29.4,34.03333333333333,44.23333333333333,40.63333333333333,39.5
Colombia,25.133333333333336,28.133333333333333,26.666666666666668,23.200000000000003,35.4,12.933333333333334,24.46666666666667,26.0,15.0,,36.16666666666667,11.7,12.533333333333331,11.2,6.7333333333333325,17.7,58.7,54.400000000000006,34.66666666666667,22.53333333333333,12.233333333333334,17.866666666666667,12.933333333333334,19.633333333333333,26.33333333333333,12.633333333333333,30.433333333333334,44.56666666666666,46.66666666666666,24.83333333333333,19.066666666666663,18.33333333333333,6.633333333333333,44.63333333333333,11.8,12.9,13.900000000000002,33.7,10.866666666666664,18.73333333333333,51.76666666666667,9.833333333333332,25.333333333333336,9.6,14.166666666666666,27.133333333333333,12.2,18.266666666666666
Croatia,16.900000000000002,45.96666666666667,17.333333333333336,13.4,29.933333333333334,9.266666666666666,24.53333333333333,17.733333333333334,10.066666666666666,18.46666666666667,,5.9,8.9,9.266666666666666,9.966666666666669,13.633333333333333,46.2,42.03333333333333,25.266666666666666,15.566666666666668,6.800000000000001,12.7,8.200000000000001,13.066666666666665,21.46666666666667,7.233333333333333,21.7,35.16666666666667,34.13333333333333,14.4,16.03333333333333,13.6,7.666666666666666,32.166666666666664,7.666666666666666,8.0,9.3,22.866666666666667,8.666666666666668,13.966666666666669,41.06666666666667,7.033333333333333,17.0,7.3,10.9,20.9,17.666666666666668,12.7
Curaçao,48.86666666666667,71.36666666666667,54.400000000000006,46.6,67.5,34.66666666666667,60.266666666666666,52.86666666666666,41.46666666666667,62.96666666666667,68.2,,43.8,41.86666666666667,43.8,47.766666666666666,73.43333333333332,73.26666666666667,55.53333333333333,49.5,27.566666666666663,42.833333333333336,39.13333333333333,53.16666666666666,56.00000000000001,40.7,58.36666666666667,55.266666666666666,66.0,31.766666666666666,50.2,42.333333333333336,42.6,58.66666666666666,40.36666666666667,37.06666666666666,46.8,54.86666666666666,36.16666666666667,49.8,75.53333333333333,45.23333333333333,63.63333333333333,38.86666666666667,45.16666666666666,59.36666666666667,54.53333333333333,52.53333333333333
Czech Republic,43.6,71.06666666666666,45.63333333333333,40.86666666666667,51.73333333333333,18.1,50.5,42.13333333333333,23.833333333333336,55.93333333333334,49.93333333333334,16.6,,25.8,39.2,45.766666666666666,67.10000000000001,62.6,46.13333333333333,23.966666666666665,16.5,40.43333333333333,23.53333333333333,41.9,49.5,16.3,54.03333333333333,59.16666666666666,65.2,26.8,49.5,43.23333333333333,29.33333333333333,50.03333333333333,23.03333333333333,20.33333333333333,34.7,53.66666666666666,18.066666666666663,45.7,57.03333333333334,29.366666666666667,55.333333333333336,25.8,43.66666666666666,47.333333333333336,47.7,27.23333333333333
DR Congo,35.03333333333333,70.89999999999999,42.2,36.96666666666666,55.46666666666666,17.233333333333334,46.6,39.766666666666666,20.8,54.13333333333333,54.6,15.5,24.166666666666668,,35.4,40.53333333333333,65.23333333333333,57.266666666666666,36.833333333333336,20.433333333333334,13.6,37.36666666666667,19.3,37.4,46.33333333333333,16.333333333333332,49.46666666666666,46.06666666666667,58.6,23.4,46.56666666666667,40.53333333333333,30.566666666666663,44.96666666666667,22.366666666666667,18.96666666666667,32.36666666666667,39.53333333333333,18.066666666666663,41.53333333333333,55.63333333333333,28.7,53.43333333333333,23.7,37.03333333333333,45.06666666666666,42.833333333333336,27.53333333333333
Ecuador,29.7,53.56666666666666,32.63333333333333,30.433333333333334,52.2,16.03333333333333,40.13333333333333,30.53333333333333,22.8,38.266666666666666,53.36666666666666,15.066666666666666,21.566666666666663,24.46666666666667,,29.933333333333334,70.7,59.13333333333334,43.5,27.500000000000004,18.73333333333333,38.3,17.4,25.366666666666664,48.66666666666667,17.599999999999998,49.66666666666666,51.4,62.63333333333333,29.33333333333333,31.73333333333333,27.633333333333333,10.433333333333334,49.56666666666666,16.866666666666667,16.03333333333333,19.866666666666667,46.36666666666667,14.6,36.73333333333333,57.266666666666666,15.666666666666668,46.86666666666667,15.233333333333333,31.133333333333336,45.66666666666666,27.96666666666667,20.3
Egypt,28.5,66.3,27.03333333333333,24.03333333333333,48.43333333333334,10.466666666666669,42.333333333333336,25.6,15.6,37.43333333333334,46.0,11.433333333333334,14.4,20.96666666666667,21.866666666666667,,49.333333333333336,51.3,34.2,17.266666666666666,8.7,30.8,9.533333333333331,23.266666666666666,37.63333333333333,11.2,37.8,39.900000000000006,55.73333333333333,19.53333333333333,28.23333333333333,23.766666666666666,12.3,41.43333333333333,9.833333333333332,9.5,16.900000000000002,35.8,9.333333333333334,32.96666666666667,51.1,13.0,38.53333333333334,10.4,26.33333333333333,35.0,31.833333333333336,13.633333333333333
England,16.6,39.93333333333333,19.433333333333334,13.766666666666666,18.6,7.233333333333333,12.3,17.066666666666666,9.033333333333331,12.266666666666666,26.266666666666666,6.966666666666667,8.4,8.766666666666667,7.666666666666666,20.266666666666666,,30.833333333333336,8.933333333333334,11.733333333333333,5.166666666666667,10.866666666666664,4.866666666666666,7.333333333333333,12.933333333333334,5.366666666666667,11.6,15.7,13.1,12.0,9.333333333333334,9.466666666666669,6.133333333333333,13.266666666666666,5.066666666666666,4.866666666666666,5.833333333333333,10.4,4.933333333333334,9.0,30.06666666666667,4.766666666666667,12.066666666666666,5.866666666666666,7.533333333333333,11.8,8.866666666666667,7.7
France,10.7,30.03333333333333,10.566666666666666,8.933333333333334,14.233333333333334,5.633333333333333,8.733333333333333,11.733333333333333,5.766666666666667,8.133333333333333,19.966666666666665,4.4,4.366666666666666,6.333333333333334,6.2,12.5,21.266666666666666,,7.633333333333334,10.166666666666666,4.833333333333333,7.933333333333334,4.3,6.533333333333332,12.5,3.833333333333333,11.3,13.633333333333333,8.833333333333334,10.1,8.4,8.1,4.533333333333333,9.466666666666669,5.033333333333333,4.233333333333333,4.666666666666667,7.8,3.2333333333333334,10.566666666666666,22.5,3.0666666666666664,13.033333333333331,3.833333333333333,7.2666666666666675,7.633333333333334,7.399999999999999,8.4
Germany,18.1,44.266666666666666,20.5,17.666666666666668,25.5,9.833333333333332,24.8,18.866666666666667,9.433333333333334,20.9,28.433333333333334,8.266666666666666,12.433333333333334,17.466666666666665,14.466666666666669,21.96666666666667,40.6,43.8,,23.4,8.733333333333333,15.866666666666667,10.066666666666666,16.2,21.366666666666667,9.766666666666666,25.433333333333337,39.03333333333333,35.66666666666667,20.1,20.5,16.3,10.4,39.96666666666667,9.333333333333334,9.166666666666666,13.133333333333333,26.4,10.333333333333334,15.933333333333334,46.03333333333333,8.799999999999999,25.5,8.9,14.499999999999998,22.7,19.933333333333334,16.03333333333333
Ghana,39.66666666666666,60.0,42.06666666666667,35.53333333333333,51.53333333333333,19.23333333333333,45.46666666666667,44.03333333333334,25.066666666666663,48.93333333333334,52.5,14.466666666666669,30.866666666666664,30.4,31.6,42.6,50.76666666666667,56.53333333333334,38.6,,12.0,27.46666666666667,22.53333333333333,29.633333333333333,37.46666666666666,22.26666666666667,43.1,39.0,53.66666666666666,16.03333333333333,36.5,30.433333333333334,24.866666666666667,46.53333333333333,22.33333333333333,22.966666666666665,26.03333333333333,45.33333333333333,22.1,30.06666666666667,65.93333333333334,23.166666666666664,39.96666666666667,22.766666666666666,27.866666666666667,44.9,34.43333333333333,32.96666666666667
Haiti,51.6,61.56666666666667,54.16666666666666,48.23333333333333,66.2,36.96666666666666,61.86666666666667,49.03333333333333,42.266666666666666,60.4,66.06666666666666,29.9,46.5,50.03333333333333,37.93333333333334,59.9,62.93333333333333,60.266666666666666,64.66666666666666,44.93333333333333,,44.16666666666666,39.43333333333333,52.6,53.66666666666666,42.766666666666666,57.7,56.00000000000001,67.63333333333334,35.56666666666667,55.50000000000001,48.66666666666667,42.766666666666666,60.73333333333333,41.6,38.63333333333333,48.3,56.7,38.13333333333333,50.63333333333333,69.56666666666666,45.8,62.7,40.5,48.9,55.900000000000006,53.86666666666666,54.7
Iran,20.96666666666667,56.53333333333334,22.466666666666665,19.766666666666666,44.4,12.033333333333331,38.0,22.03333333333333,16.5,35.5,43.96666666666667,13.766666666666666,15.433333333333332,18.7,17.733333333333334,26.266666666666666,51.33333333333333,52.76666666666666,41.06666666666667,21.566666666666663,11.866666666666667,,5.666666666666666,17.733333333333334,34.43333333333333,11.866666666666667,37.833333333333336,41.333333333333336,46.23333333333333,19.6,22.7,16.966666666666665,11.1,37.333333333333336,8.233333333333333,12.3,13.633333333333333,36.1,11.166666666666666,18.866666666666667,42.16666666666667,10.933333333333334,33.666666666666664,11.133333333333336,19.7,35.96666666666667,31.53333333333333,16.766666666666666
Iraq,42.6,71.96666666666667,44.6,40.5,58.4,19.3,49.36666666666667,41.3,22.766666666666666,52.76666666666666,59.4,17.2,29.2,32.4,37.93333333333334,50.43333333333333,62.8,66.46666666666667,57.43333333333334,27.6,16.966666666666665,24.0,,44.73333333333333,53.93333333333333,14.266666666666666,56.03333333333333,52.43333333333333,65.33333333333333,23.833333333333336,48.4,46.266666666666666,36.1,51.53333333333333,31.73333333333333,15.733333333333333,41.23333333333333,47.36666666666667,25.5,42.8,63.43333333333333,35.06666666666667,60.23333333333334,32.33333333333333,41.266666666666666,47.0,46.833333333333336,39.2
Ivory Coast,26.466666666666665,65.93333333333334,30.23333333333333,27.0,51.366666666666674,12.266666666666666,39.73333333333333,28.9,16.8,41.03333333333333,51.366666666666674,9.5,14.8,23.833333333333336,25.2,33.46666666666667,57.06666666666666,60.0,48.06666666666667,20.466666666666665,10.4,33.233333333333334,15.966666666666669,,39.33333333333333,11.733333333333333,40.63333333333333,41.43333333333333,53.46666666666666,19.066666666666663,35.3,28.96666666666667,17.233333333333334,38.46666666666667,14.833333333333334,12.033333333333331,22.0,34.599999999999994,10.5,35.833333333333336,55.46666666666666,15.666666666666668,40.266666666666666,14.233333333333334,31.266666666666666,35.66666666666667,33.1,17.7
Japan,17.066666666666666,56.53333333333334,15.733333333333333,14.433333333333334,31.53333333333333,7.666666666666666,22.23333333333333,18.7,12.933333333333334,22.433333333333334,29.833333333333336,7.166666666666667,11.733333333333333,12.8,13.0,20.666666666666668,46.96666666666667,41.36666666666667,32.46666666666667,15.366666666666667,6.633333333333333,18.3,12.4,16.03333333333333,,8.966666666666667,28.166666666666668,37.833333333333336,40.36666666666667,20.6,13.133333333333333,12.066666666666666,9.633333333333336,33.766666666666666,8.766666666666667,6.4,9.7,31.2,7.933333333333334,18.666666666666668,46.16666666666666,8.233333333333333,23.166666666666664,8.4,12.4,25.333333333333336,22.866666666666667,13.333333333333334
Jordan,48.5,66.76666666666667,50.83333333333333,51.13333333333333,63.16666666666667,21.4,57.56666666666666,49.46666666666666,30.766666666666666,58.266666666666666,63.366666666666674,19.966666666666665,40.03333333333333,41.6,47.266666666666666,55.60000000000001,68.86666666666666,65.83333333333333,62.26666666666667,32.43333333333333,19.666666666666664,44.9,25.333333333333336,47.06666666666667,52.2,,51.2,54.1,69.96666666666667,24.46666666666667,49.73333333333333,45.0,38.56666666666666,59.23333333333333,38.83333333333333,34.56666666666667,42.46666666666667,49.16666666666666,32.2,44.8,62.1,38.8,58.03333333333334,35.86666666666667,46.1,46.6,39.8,45.266666666666666
Mexico,17.866666666666667,53.73333333333333,18.566666666666663,15.233333333333333,35.03333333333333,9.7,30.866666666666664,19.2,14.3,26.23333333333333,31.666666666666664,7.7,10.633333333333333,12.633333333333333,14.866666666666667,23.266666666666666,48.46666666666667,54.766666666666666,31.266666666666666,18.03333333333333,7.566666666666666,21.266666666666666,10.366666666666667,17.366666666666667,24.8,11.466666666666669,,43.333333333333336,43.7,17.7,16.7,4.433333333333334,11.766666666666667,36.266666666666666,9.066666666666666,12.8,12.333333333333334,31.766666666666666,8.1,15.266666666666667,49.5,9.333333333333334,22.6,9.433333333333334,13.366666666666664,13.533333333333331,22.133333333333333,15.6
Morocco,12.4,45.63333333333333,12.766666666666667,10.166666666666666,18.83333333333333,4.9,17.566666666666666,13.6,8.5,14.133333333333336,20.3,5.366666666666667,7.633333333333334,11.566666666666666,9.4,16.633333333333333,36.96666666666666,36.53333333333333,16.8,8.766666666666667,4.766666666666667,13.266666666666666,8.466666666666667,15.433333333333332,15.8,6.433333333333334,15.833333333333332,,22.2,11.866666666666667,12.1,9.733333333333333,6.4,26.266666666666666,6.7333333333333325,7.066666666666667,7.766666666666666,14.166666666666666,5.5,9.833333333333332,33.46666666666667,4.166666666666666,12.0,5.733333333333333,8.6,11.933333333333334,10.333333333333334,11.133333333333336
Netherlands,17.1,50.46666666666667,17.766666666666666,14.933333333333335,26.8,8.333333333333332,25.566666666666663,16.5,10.633333333333333,19.8,28.4,7.733333333333333,15.133333333333333,15.133333333333333,11.0,17.766666666666666,42.7,46.266666666666666,29.23333333333333,13.733333333333334,8.133333333333333,18.7,12.0,17.233333333333334,24.366666666666667,8.733333333333333,22.433333333333334,34.53333333333333,,15.4,16.733333333333334,12.833333333333332,8.633333333333333,23.7,8.4,6.666666666666667,9.3,18.33333333333333,8.033333333333333,13.166666666666666,38.0,6.033333333333333,14.6,9.133333333333333,10.733333333333334,14.4,13.666666666666666,15.133333333333333
New Zealand,37.8,52.93333333333333,34.5,35.333333333333336,50.7,28.9,40.93333333333333,38.6,36.4,46.8,54.66666666666666,25.4,35.96666666666667,40.266666666666666,31.4,46.63333333333333,48.1,52.5,49.06666666666666,39.1,24.23333333333333,43.333333333333336,36.0,39.36666666666667,36.7,32.5,48.333333333333336,55.66666666666666,47.43333333333333,,35.2,31.266666666666666,31.5,52.3,29.3,25.433333333333337,29.06666666666667,45.13333333333333,24.5,38.43333333333334,69.03333333333333,30.9,56.36666666666667,27.43333333333333,31.333333333333336,47.6,46.93333333333333,41.96666666666667
Norway,27.700000000000003,68.60000000000001,30.266666666666666,24.366666666666667,49.8,11.5,43.6,28.8,16.3,43.5,49.66666666666666,13.566666666666666,15.966666666666669,18.9,24.933333333333334,30.23333333333333,59.56666666666667,61.83333333333333,40.400000000000006,21.96666666666667,12.433333333333334,33.766666666666666,16.5,22.633333333333333,42.4,14.666666666666666,43.833333333333336,53.16666666666666,37.766666666666666,21.933333333333334,,28.1,16.166666666666664,39.93333333333333,12.066666666666666,11.633333333333333,20.6,39.1,11.133333333333336,35.9,52.76666666666666,17.433333333333334,44.56666666666666,13.566666666666666,31.633333333333336,39.73333333333333,36.36666666666667,16.3
Panama,26.43333333333333,61.96666666666667,28.566666666666663,26.466666666666665,49.6,12.633333333333333,43.4,32.03333333333334,15.333333333333332,35.86666666666667,47.53333333333333,13.333333333333334,15.5,18.33333333333333,23.7,30.23333333333333,48.766666666666666,54.6,45.766666666666666,20.566666666666663,12.4,34.03333333333333,14.666666666666666,20.9,38.73333333333333,13.766666666666666,14.266666666666666,53.2,42.46666666666667,18.3,23.833333333333336,,15.933333333333334,44.9,14.3,10.033333333333331,19.166666666666668,38.36666666666667,9.366666666666664,34.96666666666667,50.23333333333333,15.633333333333333,41.3,13.766666666666666,30.633333333333333,14.866666666666667,34.53333333333333,15.333333333333332
Paraguay,40.5,42.4,44.766666666666666,41.8,61.633333333333326,18.7,43.23333333333333,42.266666666666666,26.03333333333333,43.3,61.1,17.9,26.066666666666663,27.700000000000003,27.73333333333333,45.83333333333333,60.53333333333333,62.63333333333333,59.96666666666667,29.6,16.6,47.63333333333333,23.933333333333334,35.93333333333334,42.06666666666667,23.366666666666667,46.73333333333333,64.5,57.93333333333334,26.4,38.86666666666667,40.833333333333336,,51.8,19.066666666666663,17.333333333333336,28.3,44.6,15.933333333333334,43.0,52.0,24.933333333333334,49.2,19.633333333333333,40.06666666666667,41.63333333333333,21.96666666666667,22.066666666666663
Portugal,14.6,47.23333333333333,15.966666666666669,10.9,19.1,6.766666666666667,19.73333333333333,15.733333333333333,7.6,15.366666666666667,21.7,6.333333333333334,10.3,13.533333333333331,10.366666666666667,16.0,32.86666666666667,33.46666666666667,22.26666666666667,10.166666666666666,6.233333333333333,15.133333333333333,11.8,16.8,20.73333333333333,7.3,18.1,26.0,18.1,9.733333333333333,12.466666666666669,12.966666666666669,8.166666666666666,,8.4,6.9,7.966666666666667,17.233333333333334,6.766666666666667,11.6,36.53333333333333,6.7,10.133333333333333,6.3,10.366666666666667,14.733333333333334,12.266666666666666,13.7
Qatar,46.5,67.30000000000001,48.93333333333334,41.7,61.53333333333333,23.133333333333333,53.03333333333333,46.1,27.0,56.16666666666666,62.2,21.6,31.966666666666665,35.46666666666667,41.16666666666667,53.13333333333333,58.63333333333334,62.06666666666667,60.36666666666667,31.4,20.3,23.366666666666667,31.7,41.73333333333333,45.23333333333333,22.633333333333333,55.86666666666667,63.4,54.23333333333333,25.933333333333337,44.36666666666667,41.1,32.166666666666664,63.4,,26.266666666666666,40.03333333333333,53.03333333333333,22.4,46.13333333333333,54.63333333333333,37.46666666666666,59.766666666666666,30.5,42.333333333333336,50.2,48.4,19.53333333333333
Saudi Arabia,43.7,73.13333333333333,41.96666666666667,41.73333333333333,59.266666666666666,18.433333333333334,53.96666666666666,44.1,22.133333333333333,55.23333333333333,58.03333333333334,20.33333333333333,34.7,34.46666666666667,40.96666666666667,51.73333333333333,60.66666666666667,65.4,57.96666666666667,28.53333333333333,20.1,38.96666666666667,16.266666666666666,42.5,37.9,22.4,47.2,60.43333333333333,48.16666666666667,24.366666666666667,41.9,47.46666666666667,32.2,61.86666666666667,24.6,,41.766666666666666,46.9,26.73333333333333,45.266666666666666,61.4,37.7,62.23333333333333,34.166666666666664,42.93333333333334,46.400000000000006,47.266666666666666,37.5
Scotland,36.93333333333334,73.26666666666667,42.43333333333334,33.03333333333333,57.13333333333333,17.766666666666666,52.26666666666666,36.66666666666666,20.433333333333334,55.23333333333333,49.36666666666667,16.866666666666667,22.33333333333333,26.466666666666665,36.333333333333336,42.73333333333333,56.43333333333334,66.9,55.2,26.33333333333333,15.066666666666666,44.0,22.066666666666663,31.53333333333333,49.86666666666667,19.73333333333333,50.43333333333333,60.93333333333333,52.63333333333333,20.6,31.766666666666666,37.3,23.6,65.63333333333333,17.133333333333333,21.46666666666667,,47.3,15.466666666666669,42.53333333333333,59.53333333333334,24.066666666666663,48.66666666666667,19.9,40.16666666666666,44.66666666666666,45.36666666666667,23.966666666666665
Senegal,24.46666666666667,54.400000000000006,19.03333333333333,14.966666666666669,28.166666666666668,9.733333333333333,28.26666666666667,20.066666666666663,13.2,23.3,31.366666666666664,7.7,9.966666666666669,16.766666666666666,13.533333333333331,26.166666666666664,45.03333333333333,51.16666666666667,29.0,14.633333333333336,8.966666666666667,18.8,13.1,18.6,22.466666666666665,12.366666666666664,22.73333333333333,36.4,30.0,11.733333333333333,15.866666666666667,18.266666666666666,10.6,38.06666666666666,10.766666666666666,14.7,13.533333333333331,,10.533333333333331,16.3,47.43333333333333,7.966666666666667,21.3,8.833333333333334,12.8,23.433333333333334,19.866666666666667,16.8
South Africa,45.0,73.2,50.7,47.8,60.83333333333333,22.83333333333333,52.33333333333333,49.13333333333333,28.633333333333333,58.333333333333336,60.7,21.933333333333334,38.66666666666666,37.333333333333336,44.83333333333333,48.13333333333333,65.2,69.33333333333334,60.46666666666667,40.43333333333333,21.6,52.56666666666666,32.800000000000004,43.66666666666666,60.66666666666667,25.5,59.86666666666667,51.83333333333333,55.400000000000006,31.166666666666664,46.8,50.23333333333333,35.5,61.03333333333333,31.0,29.9,41.86666666666667,46.73333333333333,,43.86666666666667,53.46666666666666,35.86666666666667,60.23333333333334,31.633333333333336,39.6,44.43333333333334,45.9,36.333333333333336
South Korea,19.633333333333333,60.23333333333334,26.9,18.566666666666663,42.36666666666667,9.733333333333333,36.23333333333333,22.6,15.6,35.46666666666667,42.96666666666666,12.766666666666667,13.933333333333334,17.1,17.599999999999998,24.066666666666663,53.900000000000006,45.13333333333333,33.46666666666667,20.366666666666667,10.7,15.533333333333331,15.266666666666667,20.066666666666663,29.433333333333334,16.633333333333333,34.599999999999994,45.0,38.73333333333333,17.633333333333333,19.166666666666668,21.666666666666668,13.366666666666664,48.7,12.5,19.4,15.6,36.266666666666666,10.8,,47.96666666666667,10.2,35.86666666666667,9.266666666666666,21.8,36.96666666666666,33.36666666666667,12.2
Spain,12.633333333333333,31.53333333333333,13.4,10.6,15.666666666666668,5.933333333333334,10.7,13.633333333333333,5.666666666666666,9.9,23.5,5.2,6.4,6.933333333333333,7.966666666666667,14.099999999999998,23.1,35.0,12.866666666666667,9.066666666666666,5.433333333333333,13.466666666666663,5.466666666666667,9.766666666666666,13.966666666666669,5.533333333333333,12.3,24.7,15.7,8.933333333333334,15.166666666666668,11.1,6.2,26.266666666666666,7.000000000000001,5.766666666666667,6.666666666666667,13.533333333333331,5.266666666666667,13.266666666666666,,5.6000000000000005,12.4,5.233333333333333,8.200000000000001,11.3,9.1,10.833333333333334
Sweden,44.43333333333334,78.56666666666666,46.36666666666667,40.93333333333333,62.7,20.133333333333333,60.83333333333333,43.13333333333333,23.866666666666667,62.4,66.36666666666666,16.3,27.166666666666668,28.566666666666663,42.8,47.13333333333333,58.7,75.76666666666667,56.766666666666666,29.1,15.6,47.23333333333333,25.7,37.36666666666667,55.16666666666666,23.33333333333333,60.0,69.56666666666666,52.8,20.666666666666668,32.36666666666667,43.5,26.73333333333333,59.53333333333334,21.666666666666668,23.73333333333333,32.63333333333333,63.866666666666674,19.633333333333333,52.36666666666666,64.73333333333333,,57.99999999999999,24.23333333333333,39.86666666666667,49.53333333333333,49.4,26.633333333333333
Switzerland,25.1,62.46666666666667,27.43333333333333,19.766666666666666,41.6,13.900000000000002,32.86666666666667,24.9,19.433333333333334,35.06666666666667,42.9,11.1,15.066666666666666,16.666666666666664,19.166666666666668,28.53333333333333,38.86666666666667,36.2,36.5,26.633333333333333,9.166666666666666,25.4,12.333333333333334,22.73333333333333,35.13333333333333,14.333333333333334,36.56666666666666,49.53333333333333,43.2,14.333333333333334,22.933333333333334,24.53333333333333,15.3,48.266666666666666,10.7,12.533333333333331,18.7,38.7,10.433333333333334,25.966666666666665,35.13333333333333,14.4,,11.2,14.9,26.766666666666666,25.433333333333337,14.233333333333334
Tunisia,40.96666666666667,70.39999999999999,41.53333333333333,38.86666666666667,55.96666666666666,20.33333333333333,51.366666666666674,43.23333333333333,24.666666666666668,57.63333333333334,60.66666666666667,16.466666666666665,28.066666666666663,30.03333333333333,38.266666666666666,47.2,57.73333333333333,64.73333333333333,60.8,29.133333333333333,17.2,43.93333333333334,25.1,34.56666666666667,52.46666666666666,22.3,52.0,48.13333333333333,50.5,23.866666666666667,37.96666666666667,43.13333333333333,30.9,63.13333333333333,22.8,23.73333333333333,31.0,42.63333333333333,19.8,49.43333333333334,63.366666666666674,32.266666666666666,46.8,,46.7,49.86666666666667,49.06666666666666,31.73333333333333
Turkey,26.666666666666668,66.53333333333333,29.666666666666668,27.4,54.16666666666666,14.9,47.53333333333333,28.366666666666667,18.5,47.73333333333333,43.8,16.0,19.7,24.433333333333334,25.8,31.73333333333333,56.56666666666666,60.06666666666667,50.7,25.266666666666666,16.433333333333334,34.266666666666666,21.133333333333333,25.23333333333333,44.86666666666667,16.633333333333333,45.43333333333333,52.8,47.96666666666667,22.26666666666667,23.8,27.6,18.4,57.56666666666666,17.833333333333336,19.466666666666665,22.566666666666663,47.8,14.733333333333334,36.6,56.13333333333333,23.766666666666666,38.63333333333333,15.966666666666669,,41.2,39.56666666666667,17.066666666666666
United States,20.03333333333333,58.93333333333334,19.9,16.7,31.433333333333337,11.4,25.966666666666665,21.933333333333334,15.066666666666666,25.6,34.06666666666667,8.6,12.966666666666669,14.8,15.366666666666667,24.3,44.266666666666666,55.03333333333333,30.666666666666664,16.066666666666666,9.533333333333331,20.5,12.266666666666666,18.5,26.566666666666663,13.733333333333334,21.433333333333334,40.66666666666666,35.53333333333333,12.433333333333334,16.400000000000002,20.266666666666666,11.633333333333333,42.2,10.166666666666666,12.966666666666669,14.466666666666669,28.666666666666668,11.766666666666667,24.1,52.73333333333333,13.8,22.3,11.0,18.9,,23.9,16.133333333333333
Uruguay,25.633333333333336,54.50000000000001,26.066666666666663,20.833333333333336,40.2,13.8,19.53333333333333,25.433333333333337,18.133333333333333,36.0,41.2,10.466666666666669,14.099999999999998,17.7,24.6,29.23333333333333,50.56666666666667,54.96666666666666,37.766666666666666,23.633333333333333,9.433333333333334,24.766666666666666,15.266666666666667,22.83333333333333,31.03333333333333,17.333333333333336,33.06666666666666,45.73333333333333,37.43333333333334,13.766666666666666,21.333333333333336,25.766666666666666,22.6,50.0,14.333333333333334,14.633333333333336,17.233333333333334,36.8,12.766666666666667,28.26666666666667,57.4,15.8,26.966666666666665,14.933333333333335,21.433333333333334,34.2,,18.46666666666667
Uzbekistan,42.833333333333336,67.26666666666667,39.03333333333333,38.03333333333334,52.73333333333333,18.5,43.6,42.93333333333334,24.46666666666667,48.9,55.46666666666666,16.466666666666665,30.833333333333336,32.13333333333333,37.06666666666666,49.23333333333333,60.13333333333334,60.7,49.1,30.23333333333333,14.666666666666666,32.1,21.766666666666666,39.36666666666667,38.9,22.2,49.96666666666666,52.33333333333333,48.4,22.966666666666665,40.1,45.53333333333333,30.53333333333333,55.13333333333333,23.966666666666665,27.366666666666667,31.966666666666665,45.86666666666667,22.3,45.43333333333333,58.86666666666667,34.599999999999994,49.5,25.166666666666664,41.96666666666667,51.93333333333333,47.36666666666667,
